"_id","firstname","lastname","email","password","__v"
"67f23efc0f55c6d79f162666","vghvjbj"," b n j","gvg@ericsson.com","$2b$10$NCJz/cqZ28b5C2/3aZRx3unq1.gVFXhDL//m9X2W2NmvKCeYzEBJu",0
"67f243480f55c6d79f162684"," hbhbhmb ","vgbhj","uhb@ericsson.com","$2b$10$S.1UpDyQEcMbSViExWhJw.w/TVxi8uQZYAYfm3xsT0RVkTQWPJ/z.",0
"67f246af0f55c6d79f162694","Atharv","Singh","atharv@ericsson.com","$2b$10$xjhrarrJw1KPRe.Wxi4QMuC8f6ra6YWFRR5rINWZLQBxqpbtZ8K0K",0
"67f2601275ae6d188b38a752","hjbjh","bjmn","hhh@ericsson.com","$2b$10$pZb0hnUjznYLwa4csAza0OosNJ3PI3N0OtgcWeU9UmSBZXv.yNkLm",0
"67f260abf456e4cba80724f6","Divishi","Singh","divishi@ericsson.com","$2b$10$epbvM8oCDOgLc3yfFfk9XOoglDV5IjhHL6BXIlZ2CAw50CJCXrQrG",0
"67f27bce36a1f935f1f411cb","bhhjhnk","bbjnkj","bhjbjhb@ericsson.com","$2b$10$7P7sYGxbfrKjwx1JeftoouQva62RwysEYGhqRdCAqIwTP3s603MVS",0
"67f2a5134f7dfa602eee5798","bhjbjb","bhbj","bj@ericsson.com","$2b$10$7j99kdWVlx.uYjUUZHF8feFF8ROemtIb/zqmYxYliVEO0XSIkeiMq",0
"67f2a54f4f7dfa602eee57a9"," jknkj","nnjnjkn","vgv@ericsson.com","$2b$10$vPyf1mXxT/ADOtoCIJeSt.23hcMZgx8NZ2FXvKhua5ECpMaXdEkFS",0
"67f2cc3a4f7dfa602eee586a","jnkj","gfff","ff@ericsson.com","$2b$10$H0zz2XkJmk1qqLJfe974dOOoFFYzc9JAhiTfok1bez7LjwVqc./hS",0
"67f34e34bf52a15f4fa12649","hbjh","jbjb","ytt@ericsson.com","$2b$10$p4YoYeOWS3NVM8fjJtDY9ODsEHtR0vpI694Dj1W/ftBKafNW787gK",0
"67f34e3abf52a15f4fa1264f","bhjj","hhhhh","hgg@ericsson.com","$2b$10$/kJFcwY52UWngVBv2z2cWOEoO9rC2XqMoBPXYZCy9AcdvvXvHt4ba",0